{
  "color_cpu_total": 13.091301415115595,
  "color_fp32_e2e": 1.1550403498113155,
  "color_fp32_stages": {
    "1) color_cvt": 0.0009,
    "2) blur_dn": 0.0081,
    "2b) D2H + reshape": 0.0026,
    "3) ideal_bandpass": 0.0064,
    "4) upsample + render": 0.0532,
    "_total": 0.0712
  },
  "motion_cpu_total": 48.89037883840501,
  "motion_fp32_e2e": 1.79500275477767,
  "motion_fp32_stages": {
    "A) NTSC convert": 0.0016,
    "B) lpyr_build": 0.0354,
    "C) temporal IIR": 0.0614,
    "D1) lpyr_recon": 0.0243,
    "D2) render": 0.0823,
    "_total": 0.2051
  },
  "motion_fp16_e2e": 1.7275973102077842,
  "motion_fp16_stages": {
    "A) NTSC convert": 0.005133051425218582,
    "B) lpyr_build": 0.03732034098356962,
    "C) temporal IIR": 0.061937798745930195,
    "D1) lpyr_recon": 0.02045310102403164,
    "D2) render": 0.04123957362025976,
    "_total": 0.16649562399834394
  }
}